data__001,data__002,data__003,data__004,data__005,data__006
Shaeleigh,Nulla.interdum.Curabitur@auctorullamcorper.org,08/08/2017,Albania,Nottinghamshire,807283
Maya,accumsan.interdum@velnisl.org,16/07/2016,Qatar,Dunbartonshire,56-438
Brendan,sed@accumsaninterdum.co.uk,20/08/2017,Guyana,Nottinghamshire,31514
Eaton,ornare@Nullasemper.co.uk,18/12/2017,Palau,Fife,3555
Victor,Nam.tempor@ornareplaceratorci.edu,30/06/2017,Bouvet Island,Stirlingshire,54-534
Hamish,nisl.Quisque.fringilla@Phaselluselit.net,02/02/2018,Belize,Cornwall,H4N 7B2
Rhiannon,varius.ultrices@nunc.com,27/02/2018,"Congo, the Democratic Republic of the",Westmorland,X9B 2K4
Dai,Aenean.eget@dictumplacerat.net,22/01/2017,Saint Lucia,Berkshire,31701
Rachel,Nunc@vulputatemaurissagittis.com,28/07/2016,Central African Republic,Orkney,54770
Heather,interdum.ligula.eu@orciUtsagittis.edu,24/02/2018,South Africa,Aberdeenshire,4573
Lisandra,libero.dui.nec@vitae.ca,16/02/2018,Indonesia,Norfolk,23507
Nolan,turpis@quispedePraesent.edu,13/11/2017,Germany,Worcestershire,4306OE
Deacon,laoreet@variuseteuismod.org,08/11/2016,Honduras,Cardiganshire,D31 2RA
Paloma,Phasellus@quistristique.org,03/09/2016,Western Sahara,Cardiganshire,2721
Neil,sed.consequat@ultriciesligula.org,12/01/2018,"Bonaire, Sint Eustatius and Saba",Denbighshire,4648
Lane,consectetuer.euismod.est@molestie.ca,28/08/2016,Estonia,Dorset,94983
Marah,nec@nec.co.uk,05/02/2018,Montenegro,Sussex,41103
Emery,Duis@arcuVivamussit.com,29/01/2017,Haiti,Anglesey,6738
Jonah,Aliquam.nec.enim@felis.co.uk,26/05/2016,Kenya,Ross-shire,2480SD
Mason,Nulla@netusetmalesuada.co.uk,24/05/2017,Tonga,Montgomeryshire,75897
Callie,semper.pretium@mauris.co.uk,20/06/2016,Ghana,Roxburghshire,4101
Cooper,diam@urnaNullamlobortis.net,22/09/2016,Libya,Derbyshire,4333
Alana,laoreet@eleifend.ca,26/08/2017,Antarctica,Gloucestershire,869271
Sara,risus.a@velvenenatis.edu,03/01/2017,Ethiopia,Devon,8694HM
Lila,Sed.eu.nibh@dictumPhasellus.co.uk,28/12/2016,Solomon Islands,Radnorshire,240069
Mariko,a.felis.ullamcorper@tempor.co.uk,30/04/2017,Somalia,Kirkcudbrightshire,S0K 0V7
Nichole,est.ac.mattis@in.net,15/09/2017,Libya,Dunbartonshire,T2X 9T2
Rama,Cum@diam.ca,02/09/2016,Greece,Dumfriesshire,224735
Liberty,interdum.ligula@liberomaurisaliquam.com,22/09/2017,United Arab Emirates,Buckinghamshire,843389
Leslie,elit.a@lorem.net,09/01/2018,Algeria,Fife,19973
Ori,ac.eleifend@inlobortistellus.co.uk,09/03/2017,South Sudan,Devon,537656
Keely,sit.amet@augue.net,09/11/2017,Haiti,Buckinghamshire,77-111
Ria,Vivamus@Namconsequatdolor.com,25/07/2017,Kyrgyzstan,Hampshire,4094
Idona,Phasellus.libero@anteipsumprimis.co.uk,16/08/2017,Uruguay,Midlothian,59707-405
Vincent,Sed@PraesentluctusCurabitur.edu,25/03/2016,France,Fife,S34 0EV
Gemma,montes@necdiamDuis.net,26/06/2017,Italy,Worcestershire,30845
Deacon,imperdiet@hendreritDonec.net,03/12/2017,San Marino,Wigtownshire,4390
Yardley,augue.malesuada.malesuada@enimsitamet.edu,06/11/2016,Qatar,Stirlingshire,41411
Colt,non@malesuadamalesuadaInteger.net,13/03/2017,Greenland,Cardiganshire,71413
Zorita,ultrices@odio.org,28/10/2017,Montenegro,Ayrshire,13366
Dante,at.egestas.a@Quisqueimperdieterat.ca,25/09/2016,Micronesia,Nottinghamshire,Y4J 0S3
Simon,Nam.interdum@sagittisNullam.org,20/05/2016,Pitcairn Islands,Anglesey,1962
Casey,libero.Donec@adipiscingelit.co.uk,03/03/2018,Georgia,Lanarkshire,17-455
Griffin,Phasellus.nulla.Integer@orci.com,14/07/2017,Ireland,Northamptonshire,372
Micah,nec.euismod.in@molestiearcu.com,20/10/2017,Kazakhstan,Cheshire,6574
Geraldine,risus.Donec.egestas@nibh.ca,11/10/2017,Turkey,Essex,595911
Latifah,ornare.sagittis@sed.edu,21/04/2017,South Sudan,Cumberland,9177XY
Kareem,non.egestas@vitaesemper.edu,09/09/2017,New Caledonia,Staffordshire,55080
Doris,id.ante@sitamet.org,07/07/2017,Kyrgyzstan,Staffordshire,62-765
Regina,arcu.et.pede@elementumdui.com,18/03/2016,Canada,Lincolnshire,24324
Martin,fringilla.Donec@eratvolutpat.edu,06/08/2017,San Marino,Westmorland,7799
Uma,convallis.convallis@et.ca,27/01/2017,Malawi,Durham,7550NG
Tanek,dapibus@ipsum.ca,25/04/2017,Palau,Hertfordshire,7771
Tate,et.eros.Proin@Nullamvitae.edu,06/05/2017,Heard Island and Mcdonald Islands,Berwickshire,29991-231
Branden,ante.Nunc@facilisis.com,05/09/2017,Taiwan,Huntingdonshire,2024
Ila,arcu@Sed.co.uk,15/04/2016,Senegal,Orkney,42-664
Iris,non@eu.org,04/12/2016,Croatia,Worcestershire,21210
Patrick,lacinia@iaculisenimsit.edu,12/04/2017,Western Sahara,Berkshire,50385
Colin,ipsum@ipsum.com,05/09/2016,Belgium,Montgomeryshire,773496
Hamilton,pharetra@posuerecubilia.edu,14/01/2017,Venezuela,Northamptonshire,72725
Lunea,nostra.per.inceptos@posuere.co.uk,21/12/2016,Greece,Banffshire,76447
Illiana,neque.sed.dictum@laoreet.net,04/05/2017,American Samoa,Essex,98139
Keegan,pede.ultrices@at.co.uk,01/03/2018,Canada,West Lothian,33493
Clare,nec.euismod.in@etultrices.net,21/09/2016,Cameroon,Argyllshire,C2M 0C0
Teegan,arcu.iaculis@ornare.net,23/11/2017,Bangladesh,Wigtownshire,47-747
Hermione,est.ac.facilisis@egestasnuncsed.net,22/05/2016,Rwanda,Devon,YT64 6LU
Joel,Sed.auctor@atiaculisquis.edu,12/03/2017,Cayman Islands,Sussex,38594
Leo,sit@erosnonenim.edu,20/01/2018,Russian Federation,Dumfriesshire,30601
Joseph,posuere.at@magna.edu,27/07/2016,Sao Tome and Principe,Caithness,11015
Kaye,cursus.a.enim@pede.com,13/01/2018,Cura√ßao,Hertfordshire,784643
Yeo,accumsan@loremauctor.co.uk,18/10/2017,Costa Rica,Norfolk,70792
Hyacinth,euismod.ac.fermentum@nuncsed.com,24/09/2017,Israel,Ross-shire,62428-767
Zeus,auctor.vitae@eliterat.ca,23/07/2017,"Korea, South",Yorkshire,30942
Seth,ipsum@vellectus.com,08/07/2016,United States Minor Outlying Islands,Midlothian,71780
Travis,tincidunt@pede.net,21/12/2016,Lithuania,Monmouthshire,80-902
Quentin,iaculis@tincidunt.edu,10/02/2018,Nauru,Glamorgan,12582-679
Vera,feugiat@vitaeerat.edu,28/08/2016,Liberia,Berwickshire,08-009
Quentin,ut@ultriciesornareelit.co.uk,17/07/2017,Canada,Rutland,22000
Justina,turpis@netus.ca,03/02/2017,Pitcairn Islands,Cornwall,61735
Scott,fringilla.euismod.enim@commodoatlibero.edu,12/08/2016,Nauru,Buckinghamshire,564739
Callum,dis.parturient.montes@Aeneaneget.net,13/12/2017,Samoa,Clackmannanshire,5814
Callie,mi.pede.nonummy@fringillami.ca,31/12/2016,Argentina,Cheshire,WG72 9AX
Shannon,interdum@magnaSedeu.co.uk,03/11/2016,Bangladesh,Pembrokeshire,84785
Burke,vestibulum@Pellentesqueut.net,03/04/2016,South Sudan,Denbighshire,459583
Brynn,molestie.Sed.id@Namligulaelit.edu,10/06/2016,Venezuela,Shropshire,83276-546
Macon,rutrum.lorem.ac@magna.org,22/03/2016,Czech Republic,Selkirkshire,V6K 4J7
Linus,vel.quam.dignissim@pellentesqueegetdictum.edu,19/06/2016,Namibia,Denbighshire,943519
Mannix,Vivamus.molestie.dapibus@egestasSedpharetra.co.uk,12/01/2017,Costa Rica,Fife,2465OZ
Althea,In@aliquamadipiscing.com,02/11/2017,Iraq,Berwickshire,1197
Trevor,lacus.Cras.interdum@iderat.com,14/04/2016,Bahrain,Kirkcudbrightshire,9334
Howard,dictum@aclibero.org,18/11/2017,Turkmenistan,Argyllshire,2573
Clementine,Fusce.feugiat.Lorem@Sed.ca,18/04/2016,Gibraltar,Hertfordshire,2384
Erich,adipiscing.lobortis@metusurnaconvallis.co.uk,19/04/2016,Colombia,Cornwall,741566
Sawyer,orci@pretium.co.uk,07/11/2016,Western Sahara,Selkirkshire,41100
Chava,consequat@scelerisque.ca,31/08/2016,New Zealand,Ross-shire,27228
Blythe,nibh@dolor.com,23/07/2016,Togo,Orkney,37669
Shaine,sed@metusIn.co.uk,12/11/2017,Cape Verde,Rutland,42289
Leroy,Morbi@diam.com,22/02/2018,Montserrat,Bedfordshire,6796
Nicole,mi@seddolor.com,20/02/2017,Mauritania,Durham,73526
Quintessa,fermentum@acfermentum.org,05/08/2016,Singapore,Ayrshire,90816
